Agent Name,Category,Skills,Description
Forex Arbitrage Finder,Close But Not Useful,"forex trading, arbitrage","Optimized for forex markets, not crypto or stock investments."
Long-Term Investment Planner,Usable But Not Complementary,"long-term investing, wealth management","Focused on multi-year investment strategies, not short-term trading."
AI Art Generator,Irrelevant Agents,"digital art, image generation",Creates AI-generated artwork based on input prompts.
AI-Powered Stock Screener,Usable But Not Complementary,"stock filtering, technical analysis","Filters stocks based on technical indicators, not crypto."
Options Pricing Model,Close But Not Useful,"options trading, pricing models","Analyzes derivatives pricing, not standard trading strategies."
Market Sentiment for Political Elections,Keyword Mismatch Agents,"sentiment analysis, elections","Analyzes public opinion on political elections, not finance."
Automated Trading Bot,Useful Agents,"automated trading, trade execution",Executes trades based on predefined trading strategies.
AI-Powered Language Tutor,Irrelevant Agents,"language learning, education",Teaches new languages with AI-driven feedback.
Market Sentiment for Political Elections,Keyword Mismatch Agents,"sentiment analysis, elections","Analyzes public opinion on political elections, not finance."
High-Frequency Trading AI,Close But Not Useful,"HFT, latency optimization","Optimized for ultra-fast trading, unsuitable for longer-term strategies."
AI-Powered Language Tutor,Irrelevant Agents,"language learning, education",Teaches new languages with AI-driven feedback.
Momentum-Based Workout Planner,Keyword Mismatch Agents,"momentum training, workout optimization",Optimizes workout routines based on movement efficiency.
Macroeconomic Trend Predictor,Close But Not Useful,"macroeconomics, inflation analysis","Focuses on economic indicators, not individual asset trades."
Smart Home Automation AI,Irrelevant Agents,"home automation, IoT",Controls smart home devices for efficiency.
Forex Arbitrage Finder,Close But Not Useful,"forex trading, arbitrage","Optimized for forex markets, not crypto or stock investments."
Personal Budget Manager,Usable But Not Complementary,"expense tracking, budgeting","Helps manage personal expenses, not investment portfolios."
Virtual Reality Market Simulator,Keyword Mismatch Agents,"VR training, market simulation",Simulates financial markets in virtual reality for training.
Forex Arbitrage Finder,Close But Not Useful,"forex trading, arbitrage","Optimized for forex markets, not crypto or stock investments."
Momentum-Based Workout Planner,Keyword Mismatch Agents,"momentum training, workout optimization",Optimizes workout routines based on movement efficiency.
Virtual Fitness Coach,Irrelevant Agents,"workout plans, fitness tracking",Creates personalized workout and nutrition plans.
Risk Management AI,Useful Agents,"risk assessment, portfolio management",Evaluates investment risks and suggests risk mitigation strategies.
Crypto Market Sentiment Analyzer,Useful Agents,"market sentiment, crypto analysis",Tracks social media and news sentiment for cryptocurrency trends.
AI-Powered Fraud Detection,Keyword Mismatch Agents,"fraud detection, financial security",Detects fraudulent transactions but does not help in investing.
Smart Home Automation AI,Irrelevant Agents,"home automation, IoT",Controls smart home devices for efficiency.
Forex Arbitrage Finder,Close But Not Useful,"forex trading, arbitrage","Optimized for forex markets, not crypto or stock investments."
Macroeconomic Trend Predictor,Close But Not Useful,"macroeconomics, inflation analysis","Focuses on economic indicators, not individual asset trades."
Commodity Price Forecaster,Usable But Not Complementary,"commodity trading, price forecasting","Predicts commodity prices, unrelated to crypto investing."
Virtual Fitness Coach,Irrelevant Agents,"workout plans, fitness tracking",Creates personalized workout and nutrition plans.
AI Art Generator,Irrelevant Agents,"digital art, image generation",Creates AI-generated artwork based on input prompts.
Financial Data Aggregator,Useful Agents,"financial data, market trends",Aggregates real-time financial data from multiple sources.
High-Frequency Trading AI,Close But Not Useful,"HFT, latency optimization","Optimized for ultra-fast trading, unsuitable for longer-term strategies."
Momentum-Based Workout Planner,Keyword Mismatch Agents,"momentum training, workout optimization",Optimizes workout routines based on movement efficiency.
Virtual Fitness Coach,Irrelevant Agents,"workout plans, fitness tracking",Creates personalized workout and nutrition plans.
AI-Powered Stock Screener,Usable But Not Complementary,"stock filtering, technical analysis","Filters stocks based on technical indicators, not crypto."
Momentum Trading AI,Useful Agents,"momentum trading, trend analysis",Analyzes market momentum to predict price movements.
Market Sentiment for Political Elections,Keyword Mismatch Agents,"sentiment analysis, elections","Analyzes public opinion on political elections, not finance."
Virtual Fitness Coach,Irrelevant Agents,"workout plans, fitness tracking",Creates personalized workout and nutrition plans.
Momentum Trading AI,Useful Agents,"momentum trading, trend analysis",Analyzes market momentum to predict price movements.
AI Resume Builder,Irrelevant Agents,"resume optimization, career advice",Helps optimize resumes for job applications.
Blockchain Smart Contract Auditor,Usable But Not Complementary,"smart contract auditing, security","Focuses on security auditing for smart contracts, not trading."
Options Pricing Model,Close But Not Useful,"options trading, pricing models","Analyzes derivatives pricing, not standard trading strategies."
Blockchain Smart Contract Auditor,Usable But Not Complementary,"smart contract auditing, security","Focuses on security auditing for smart contracts, not trading."
Smart Home Automation AI,Irrelevant Agents,"home automation, IoT",Controls smart home devices for efficiency.
Virtual Reality Market Simulator,Keyword Mismatch Agents,"VR training, market simulation",Simulates financial markets in virtual reality for training.
Commodity Price Forecaster,Usable But Not Complementary,"commodity trading, price forecasting","Predicts commodity prices, unrelated to crypto investing."
Virtual Reality Market Simulator,Keyword Mismatch Agents,"VR training, market simulation",Simulates financial markets in virtual reality for training.
Personal Budget Manager,Usable But Not Complementary,"expense tracking, budgeting","Helps manage personal expenses, not investment portfolios."
Momentum Trading AI,Useful Agents,"momentum trading, trend analysis",Analyzes market momentum to predict price movements.
Stock Momentum Trading AI,Close But Not Useful,"momentum trading, stock market","Specialized in stock trading momentum, not crypto."
High-Frequency Trading AI,Close But Not Useful,"HFT, latency optimization","Optimized for ultra-fast trading, unsuitable for longer-term strategies."
Risk Management AI,Useful Agents,"risk assessment, portfolio management",Evaluates investment risks and suggests risk mitigation strategies.
AI Resume Builder,Irrelevant Agents,"resume optimization, career advice",Helps optimize resumes for job applications.
Financial Data Aggregator,Useful Agents,"financial data, market trends",Aggregates real-time financial data from multiple sources.
Momentum Trading AI,Useful Agents,"momentum trading, trend analysis",Analyzes market momentum to predict price movements.
Macroeconomic Trend Predictor,Close But Not Useful,"macroeconomics, inflation analysis","Focuses on economic indicators, not individual asset trades."
Stock Momentum Trading AI,Close But Not Useful,"momentum trading, stock market","Specialized in stock trading momentum, not crypto."
AI Resume Builder,Irrelevant Agents,"resume optimization, career advice",Helps optimize resumes for job applications.
Risk Management AI,Useful Agents,"risk assessment, portfolio management",Evaluates investment risks and suggests risk mitigation strategies.
Stock Momentum Trading AI,Close But Not Useful,"momentum trading, stock market","Specialized in stock trading momentum, not crypto."
Virtual Fitness Coach,Irrelevant Agents,"workout plans, fitness tracking",Creates personalized workout and nutrition plans.
Blockchain Smart Contract Auditor,Usable But Not Complementary,"smart contract auditing, security","Focuses on security auditing for smart contracts, not trading."
Blockchain Smart Contract Auditor,Usable But Not Complementary,"smart contract auditing, security","Focuses on security auditing for smart contracts, not trading."
Financial Data Aggregator,Useful Agents,"financial data, market trends",Aggregates real-time financial data from multiple sources.
Virtual Reality Market Simulator,Keyword Mismatch Agents,"VR training, market simulation",Simulates financial markets in virtual reality for training.
Options Pricing Model,Close But Not Useful,"options trading, pricing models","Analyzes derivatives pricing, not standard trading strategies."
Long-Term Investment Planner,Usable But Not Complementary,"long-term investing, wealth management","Focused on multi-year investment strategies, not short-term trading."
AI-Powered Fraud Detection,Keyword Mismatch Agents,"fraud detection, financial security",Detects fraudulent transactions but does not help in investing.
AI Art Generator,Irrelevant Agents,"digital art, image generation",Creates AI-generated artwork based on input prompts.
Stock Momentum Trading AI,Close But Not Useful,"momentum trading, stock market","Specialized in stock trading momentum, not crypto."
Blockchain Smart Contract Auditor,Usable But Not Complementary,"smart contract auditing, security","Focuses on security auditing for smart contracts, not trading."
Crypto Hardware Wallet Manager,Keyword Mismatch Agents,"crypto security, wallet management",Secures crypto assets but does not assist with trading.
Crypto Market Sentiment Analyzer,Useful Agents,"market sentiment, crypto analysis",Tracks social media and news sentiment for cryptocurrency trends.
Long-Term Investment Planner,Usable But Not Complementary,"long-term investing, wealth management","Focused on multi-year investment strategies, not short-term trading."
Virtual Reality Market Simulator,Keyword Mismatch Agents,"VR training, market simulation",Simulates financial markets in virtual reality for training.
Stock Momentum Trading AI,Close But Not Useful,"momentum trading, stock market","Specialized in stock trading momentum, not crypto."
Market Sentiment for Political Elections,Keyword Mismatch Agents,"sentiment analysis, elections","Analyzes public opinion on political elections, not finance."
AI-Powered Fraud Detection,Keyword Mismatch Agents,"fraud detection, financial security",Detects fraudulent transactions but does not help in investing.
Crypto Market Sentiment Analyzer,Useful Agents,"market sentiment, crypto analysis",Tracks social media and news sentiment for cryptocurrency trends.
High-Frequency Trading AI,Close But Not Useful,"HFT, latency optimization","Optimized for ultra-fast trading, unsuitable for longer-term strategies."
Smart Home Automation AI,Irrelevant Agents,"home automation, IoT",Controls smart home devices for efficiency.
Automated Trading Bot,Useful Agents,"automated trading, trade execution",Executes trades based on predefined trading strategies.
AI-Powered Stock Screener,Usable But Not Complementary,"stock filtering, technical analysis","Filters stocks based on technical indicators, not crypto."
AI-Powered Fraud Detection,Keyword Mismatch Agents,"fraud detection, financial security",Detects fraudulent transactions but does not help in investing.
AI-Powered Language Tutor,Irrelevant Agents,"language learning, education",Teaches new languages with AI-driven feedback.
Momentum Trading AI,Useful Agents,"momentum trading, trend analysis",Analyzes market momentum to predict price movements.
Momentum-Based Workout Planner,Keyword Mismatch Agents,"momentum training, workout optimization",Optimizes workout routines based on movement efficiency.
Momentum-Based Workout Planner,Keyword Mismatch Agents,"momentum training, workout optimization",Optimizes workout routines based on movement efficiency.
AI-Powered Language Tutor,Irrelevant Agents,"language learning, education",Teaches new languages with AI-driven feedback.
AI Resume Builder,Irrelevant Agents,"resume optimization, career advice",Helps optimize resumes for job applications.
Crypto Hardware Wallet Manager,Keyword Mismatch Agents,"crypto security, wallet management",Secures crypto assets but does not assist with trading.
Commodity Price Forecaster,Usable But Not Complementary,"commodity trading, price forecasting","Predicts commodity prices, unrelated to crypto investing."
Commodity Price Forecaster,Usable But Not Complementary,"commodity trading, price forecasting","Predicts commodity prices, unrelated to crypto investing."
Macroeconomic Trend Predictor,Close But Not Useful,"macroeconomics, inflation analysis","Focuses on economic indicators, not individual asset trades."
Smart Home Automation AI,Irrelevant Agents,"home automation, IoT",Controls smart home devices for efficiency.
Forex Arbitrage Finder,Close But Not Useful,"forex trading, arbitrage","Optimized for forex markets, not crypto or stock investments."
