TaskID,Agent
1,Report Generator
1,Data Aggregator
1,Transaction Reconciler
2,Trend Forecaster
2,Report Generator
2,Transaction Reconciler
2,Data Aggregator
3,Report Generator
3,Risk Simulator
4,Data Aggregator
4,Trend Forecaster
4,Report Generator
4,Risk Simulator
5,Schedule Planner
5,Behavior Analyzer
5,Sentiment Analyzer
6,Schedule Planner
6,Sentiment Analyzer
6,Behavior Analyzer
6,Meeting Optimizer
7,Itinerary Builder
7,Visa Validator
7,Health Risk Checker
8,Visa Validator
8,Schedule Planner
9,Grocery Planner
9,Price Tracker
9,Sustainability Scorer
9,Bundle Optimizer
10,Grocery Planner
10,Product Recommender
10,Bundle Optimizer
10,Price Tracker
11,Habit Tracker
11,Behavior Analyzer
11,Nutrition Evaluator
12,Sleep Optimizer
12,Habit Tracker
12,Behavior Analyzer
12,Routine Designer
13,Compliance Checker
13,Risk Assessor
13,Clause Extractor
14,Compliance Checker
14,Clause Extractor
15,Transaction Reconciler
15,Risk Simulator
16,Sleep Optimizer
16,Habit Tracker
17,Schedule Planner
17,Itinerary Builder
18,Sleep Optimizer
18,Habit Tracker
18,Behavior Analyzer
19,Data Aggregator
19,Report Generator
19,Transaction Reconciler
20,Transaction Reconciler
20,Risk Simulator
21,Schedule Planner
21,Behavior Analyzer
21,Summary Composer
21,Sentiment Analyzer
22,Sustainability Scorer
22,Grocery Planner
22,Product Recommender
23,Health Risk Checker
23,Schedule Planner
23,Itinerary Builder
24,Habit Tracker
24,Routine Designer
24,Nutrition Evaluator
24,Behavior Analyzer
25,Bundle Optimizer
25,Sustainability Scorer
26,Habit Tracker
26,Nutrition Evaluator
26,Behavior Analyzer
27,Risk Simulator
27,Trend Forecaster
27,Data Aggregator
28,Sentiment Analyzer
28,Meeting Optimizer
29,Nutrition Evaluator
29,Routine Designer
29,Sleep Optimizer
29,Habit Tracker
30,Risk Simulator
30,Trend Forecaster
30,Report Generator
30,Data Aggregator
31,Trend Forecaster
31,Data Aggregator
31,Report Generator
32,Behavior Analyzer
32,Nutrition Evaluator
32,Habit Tracker
32,Routine Designer
33,Price Tracker
33,Sustainability Scorer
33,Grocery Planner
33,Bundle Optimizer
34,Trend Forecaster
34,Risk Simulator
34,Transaction Reconciler
35,Routine Designer
35,Behavior Analyzer
35,Sleep Optimizer
36,Nutrition Evaluator
36,Sleep Optimizer
36,Habit Tracker
37,Risk Simulator
37,Trend Forecaster
37,Report Generator
37,Transaction Reconciler
38,Data Aggregator
38,Risk Simulator
38,Trend Forecaster
38,Transaction Reconciler
39,Habit Tracker
39,Routine Designer
39,Sleep Optimizer
39,Behavior Analyzer
40,Price Tracker
40,Product Recommender
40,Sustainability Scorer
